10s425,11s006,11s149,11s341,13s046,13s158,13s190,13s327,13s370,14s008,14s203,14s256,14s409,A1s092_P1,A4s027,A5s071,A5s254,A5s271,A6s118,A6s169,A6s270,A6s329,A7s017,A7s155,A7s160,A7s168,A7s238,A7s286,A7s312,A8s058,A8s111,A8s133,A8s136,A8s168,A8s170,A8s220,A8s259_P2,A8s285,A8s314,A8s327,A9s014,A9s194,A9s216,A9s235,A9s249,A9s250,A9s287,A9s305,A9s320,A9s321,A9s349,A9s391
0,7,5,7,5,6,10,10,15,5,6,6,4,13,6,5,2,5,6,15,4,4,6,6,15,15,5,17,6,7,6,9,5,7,5,6,6,14,6,5,13,5,5,12,6,7,5,6,7,12,5,5
7,0,2,4,2,3,5,5,20,10,3,3,9,18,3,2,7,2,1,20,9,9,1,1,20,20,2,22,1,2,11,14,2,12,2,11,11,19,3,2,18,2,2,17,5,2,2,1,4,17,2,2
5,2,0,2,0,1,5,5,18,8,1,1,7,16,1,0,5,0,1,18,7,7,1,1,18,18,0,20,1,2,9,12,0,10,0,9,9,17,1,0,16,0,0,15,3,2,0,1,2,15,0,0
7,4,2,0,2,3,7,7,20,10,3,1,9,18,3,2,7,2,3,20,9,9,3,3,20,20,2,22,3,4,11,14,2,12,2,11,11,19,3,2,18,2,2,17,5,4,2,3,4,17,2,2
5,2,0,2,0,1,5,5,18,8,1,1,7,16,1,0,5,0,1,18,7,7,1,1,18,18,0,20,1,2,9,12,0,10,0,9,9,17,1,0,16,0,0,15,3,2,0,1,2,15,0,0
6,3,1,3,1,0,6,6,19,9,2,2,8,17,2,1,6,1,2,19,8,8,2,2,19,19,1,21,2,3,10,13,1,11,1,10,10,18,2,1,17,1,1,16,4,3,1,2,3,16,1,1
10,5,5,7,5,6,0,8,23,13,6,6,12,21,6,5,10,5,4,23,12,12,4,4,23,23,5,25,4,5,14,17,5,15,5,14,14,22,6,5,21,5,5,20,8,5,5,4,7,20,5,5
10,5,5,7,5,6,8,0,23,13,6,6,12,21,6,5,10,5,4,23,12,12,4,4,23,23,5,25,4,5,14,17,5,15,5,14,14,22,6,5,21,5,5,20,8,5,5,4,7,20,5,5
15,20,18,20,18,19,23,23,0,18,19,19,17,6,19,18,15,18,19,16,17,17,19,19,8,8,18,18,19,20,19,22,18,20,18,19,19,7,19,18,2,18,18,5,19,20,18,19,20,5,18,18
5,10,8,10,8,9,13,13,18,0,9,9,7,16,9,8,5,8,9,18,7,7,9,9,18,18,8,20,9,10,9,12,8,10,8,9,9,17,9,8,16,8,8,15,9,10,8,9,10,15,8,8
6,3,1,3,1,2,6,6,19,9,0,2,8,17,2,1,6,1,2,19,8,8,2,2,19,19,1,21,2,3,10,13,1,11,1,10,10,18,2,1,17,1,1,16,4,3,1,2,3,16,1,1
6,3,1,1,1,2,6,6,19,9,2,0,8,17,2,1,6,1,2,19,8,8,2,2,19,19,1,21,2,3,10,13,1,11,1,10,10,18,2,1,17,1,1,16,4,3,1,2,3,16,1,1
4,9,7,9,7,8,12,12,17,7,8,8,0,15,8,7,4,7,8,17,6,6,8,8,17,17,7,19,8,9,8,11,7,9,7,8,8,16,8,7,15,7,7,14,8,9,7,8,9,14,7,7
13,18,16,18,16,17,21,21,6,16,17,17,15,0,17,16,13,16,17,14,15,15,17,17,4,4,16,16,17,18,17,20,16,18,16,17,17,1,17,16,4,16,16,1,17,18,16,17,18,1,16,16
6,3,1,3,1,2,6,6,19,9,2,2,8,17,0,1,6,1,2,19,8,8,2,2,19,19,1,21,2,3,10,13,1,11,1,10,10,18,2,1,17,1,1,16,4,3,1,2,3,16,1,1
5,2,0,2,0,1,5,5,18,8,1,1,7,16,1,0,5,0,1,18,7,7,1,1,18,18,0,20,1,2,9,12,0,10,0,9,9,17,1,0,16,0,0,15,3,2,0,1,2,15,0,0
2,7,5,7,5,6,10,10,15,5,6,6,4,13,6,5,0,5,6,15,2,2,6,6,15,15,5,17,6,7,6,9,5,7,5,6,6,14,6,5,13,5,5,12,6,7,5,6,7,12,5,5
5,2,0,2,0,1,5,5,18,8,1,1,7,16,1,0,5,0,1,18,7,7,1,1,18,18,0,20,1,2,9,12,0,10,0,9,9,17,1,0,16,0,0,15,3,2,0,1,2,15,0,0
6,1,1,3,1,2,4,4,19,9,2,2,8,17,2,1,6,1,0,19,8,8,0,0,19,19,1,21,0,1,10,13,1,11,1,10,10,18,2,1,17,1,1,16,4,1,1,0,3,16,1,1
15,20,18,20,18,19,23,23,16,18,19,19,17,14,19,18,15,18,19,0,17,17,19,19,16,16,18,12,19,20,19,22,18,20,18,19,19,15,19,18,14,18,18,13,19,20,18,19,20,13,18,18
4,9,7,9,7,8,12,12,17,7,8,8,6,15,8,7,2,7,8,17,0,0,8,8,17,17,7,19,8,9,8,11,7,9,7,8,8,16,8,7,15,7,7,14,8,9,7,8,9,14,7,7
4,9,7,9,7,8,12,12,17,7,8,8,6,15,8,7,2,7,8,17,0,0,8,8,17,17,7,19,8,9,8,11,7,9,7,8,8,16,8,7,15,7,7,14,8,9,7,8,9,14,7,7
6,1,1,3,1,2,4,4,19,9,2,2,8,17,2,1,6,1,0,19,8,8,0,0,19,19,1,21,0,1,10,13,1,11,1,10,10,18,2,1,17,1,1,16,4,1,1,0,3,16,1,1
6,1,1,3,1,2,4,4,19,9,2,2,8,17,2,1,6,1,0,19,8,8,0,0,19,19,1,21,0,1,10,13,1,11,1,10,10,18,2,1,17,1,1,16,4,1,1,0,3,16,1,1
15,20,18,20,18,19,23,23,8,18,19,19,17,4,19,18,15,18,19,16,17,17,19,19,0,0,18,18,19,20,19,22,18,20,18,19,19,5,19,18,6,18,18,3,19,20,18,19,20,3,18,18
15,20,18,20,18,19,23,23,8,18,19,19,17,4,19,18,15,18,19,16,17,17,19,19,0,0,18,18,19,20,19,22,18,20,18,19,19,5,19,18,6,18,18,3,19,20,18,19,20,3,18,18
5,2,0,2,0,1,5,5,18,8,1,1,7,16,1,0,5,0,1,18,7,7,1,1,18,18,0,20,1,2,9,12,0,10,0,9,9,17,1,0,16,0,0,15,3,2,0,1,2,15,0,0
17,22,20,22,20,21,25,25,18,20,21,21,19,16,21,20,17,20,21,12,19,19,21,21,18,18,20,0,21,22,21,24,20,22,20,21,21,17,21,20,16,20,20,15,21,22,20,21,22,15,20,20
6,1,1,3,1,2,4,4,19,9,2,2,8,17,2,1,6,1,0,19,8,8,0,0,19,19,1,21,0,1,10,13,1,11,1,10,10,18,2,1,17,1,1,16,4,1,1,0,3,16,1,1
7,2,2,4,2,3,5,5,20,10,3,3,9,18,3,2,7,2,1,20,9,9,1,1,20,20,2,22,1,0,11,14,2,12,2,11,11,19,3,2,18,2,2,17,5,2,2,1,4,17,2,2
6,11,9,11,9,10,14,14,19,9,10,10,8,17,10,9,6,9,10,19,8,8,10,10,19,19,9,21,10,11,0,11,9,1,9,8,8,18,10,9,17,9,9,16,10,11,9,10,11,16,9,9
9,14,12,14,12,13,17,17,22,12,13,13,11,20,13,12,9,12,13,22,11,11,13,13,22,22,12,24,13,14,11,0,12,12,12,9,9,21,13,12,20,12,12,19,13,14,12,13,14,19,12,12
5,2,0,2,0,1,5,5,18,8,1,1,7,16,1,0,5,0,1,18,7,7,1,1,18,18,0,20,1,2,9,12,0,10,0,9,9,17,1,0,16,0,0,15,3,2,0,1,2,15,0,0
7,12,10,12,10,11,15,15,20,10,11,11,9,18,11,10,7,10,11,20,9,9,11,11,20,20,10,22,11,12,1,12,10,0,10,9,9,19,11,10,18,10,10,17,11,12,10,11,12,17,10,10
5,2,0,2,0,1,5,5,18,8,1,1,7,16,1,0,5,0,1,18,7,7,1,1,18,18,0,20,1,2,9,12,0,10,0,9,9,17,1,0,16,0,0,15,3,2,0,1,2,15,0,0
6,11,9,11,9,10,14,14,19,9,10,10,8,17,10,9,6,9,10,19,8,8,10,10,19,19,9,21,10,11,8,9,9,9,9,0,0,18,10,9,17,9,9,16,10,11,9,10,11,16,9,9
6,11,9,11,9,10,14,14,19,9,10,10,8,17,10,9,6,9,10,19,8,8,10,10,19,19,9,21,10,11,8,9,9,9,9,0,0,18,10,9,17,9,9,16,10,11,9,10,11,16,9,9
14,19,17,19,17,18,22,22,7,17,18,18,16,1,18,17,14,17,18,15,16,16,18,18,5,5,17,17,18,19,18,21,17,19,17,18,18,0,18,17,5,17,17,2,18,19,17,18,19,2,17,17
6,3,1,3,1,2,6,6,19,9,2,2,8,17,2,1,6,1,2,19,8,8,2,2,19,19,1,21,2,3,10,13,1,11,1,10,10,18,0,1,17,1,1,16,4,3,1,2,3,16,1,1
5,2,0,2,0,1,5,5,18,8,1,1,7,16,1,0,5,0,1,18,7,7,1,1,18,18,0,20,1,2,9,12,0,10,0,9,9,17,1,0,16,0,0,15,3,2,0,1,2,15,0,0
13,18,16,18,16,17,21,21,2,16,17,17,15,4,17,16,13,16,17,14,15,15,17,17,6,6,16,16,17,18,17,20,16,18,16,17,17,5,17,16,0,16,16,3,17,18,16,17,18,3,16,16
5,2,0,2,0,1,5,5,18,8,1,1,7,16,1,0,5,0,1,18,7,7,1,1,18,18,0,20,1,2,9,12,0,10,0,9,9,17,1,0,16,0,0,15,3,2,0,1,2,15,0,0
5,2,0,2,0,1,5,5,18,8,1,1,7,16,1,0,5,0,1,18,7,7,1,1,18,18,0,20,1,2,9,12,0,10,0,9,9,17,1,0,16,0,0,15,3,2,0,1,2,15,0,0
12,17,15,17,15,16,20,20,5,15,16,16,14,1,16,15,12,15,16,13,14,14,16,16,3,3,15,15,16,17,16,19,15,17,15,16,16,2,16,15,3,15,15,0,16,17,15,16,17,0,15,15
6,5,3,5,3,4,8,8,19,9,4,4,8,17,4,3,6,3,4,19,8,8,4,4,19,19,3,21,4,5,10,13,3,11,3,10,10,18,4,3,17,3,3,16,0,5,3,4,5,16,3,3
7,2,2,4,2,3,5,5,20,10,3,3,9,18,3,2,7,2,1,20,9,9,1,1,20,20,2,22,1,2,11,14,2,12,2,11,11,19,3,2,18,2,2,17,5,0,2,1,4,17,2,2
5,2,0,2,0,1,5,5,18,8,1,1,7,16,1,0,5,0,1,18,7,7,1,1,18,18,0,20,1,2,9,12,0,10,0,9,9,17,1,0,16,0,0,15,3,2,0,1,2,15,0,0
6,1,1,3,1,2,4,4,19,9,2,2,8,17,2,1,6,1,0,19,8,8,0,0,19,19,1,21,0,1,10,13,1,11,1,10,10,18,2,1,17,1,1,16,4,1,1,0,3,16,1,1
7,4,2,4,2,3,7,7,20,10,3,3,9,18,3,2,7,2,3,20,9,9,3,3,20,20,2,22,3,4,11,14,2,12,2,11,11,19,3,2,18,2,2,17,5,4,2,3,0,17,2,2
12,17,15,17,15,16,20,20,5,15,16,16,14,1,16,15,12,15,16,13,14,14,16,16,3,3,15,15,16,17,16,19,15,17,15,16,16,2,16,15,3,15,15,0,16,17,15,16,17,0,15,15
5,2,0,2,0,1,5,5,18,8,1,1,7,16,1,0,5,0,1,18,7,7,1,1,18,18,0,20,1,2,9,12,0,10,0,9,9,17,1,0,16,0,0,15,3,2,0,1,2,15,0,0
5,2,0,2,0,1,5,5,18,8,1,1,7,16,1,0,5,0,1,18,7,7,1,1,18,18,0,20,1,2,9,12,0,10,0,9,9,17,1,0,16,0,0,15,3,2,0,1,2,15,0,0